{
	"info": {
		"_postman_id": "2a24737d-9e18-44ec-857a-ad23e3eedca2",
		"name": "ecommerce",
		"schema": "https://schema.getpostman.com/json/collection/v2.1.0/collection.json"
	},
	"item": [
		{
			"name": "Product",
			"item": [
				{
					"name": "Add a new Product",
					"request": {
						"method": "POST",
						"header": [],
						"body": {
							"mode": "raw",
							"raw": "{\r\n\"image\" : \"tv.jpg\",\r\n\"pricing\" : \"300.0\",\r\n\"shippingcost\" : \"40.0\",\r\n\"description\" : \"ok\"\r\n}",
							"options": {
								"raw": {
									"language": "json"
								}
							}
						},
						"url": {
							"raw": "{{baseUrl}}/product.php",
							"host": [
								"{{baseUrl}}"
							],
							"path": [
								"product.php"
							]
						}
					},
					"response": []
				},
				{
					"name": "Get All the Product",
					"request": {
						"method": "GET",
						"header": [],
						"url": {
							"raw": "{{baseUrl}}/product.php",
							"host": [
								"{{baseUrl}}"
							],
							"path": [
								"product.php"
							]
						}
					},
					"response": []
				},
				{
					"name": "Get Product By Id",
					"request": {
						"method": "GET",
						"header": [],
						"url": {
							"raw": "{{baseUrl}}/product.php?id=1",
							"host": [
								"{{baseUrl}}"
							],
							"path": [
								"product.php"
							],
							"query": [
								{
									"key": "id",
									"value": "1"
								}
							]
						}
					},
					"response": []
				},
				{
					"name": "Update Product Record",
					"request": {
						"method": "PUT",
						"header": [],
						"body": {
							"mode": "raw",
							"raw": "{\r\n    \"userid\" : \"13\",\r\n    \"quantity\" : \"2\",\r\n    \"product1\" : \"4\",\r\n    \"product2\" : \"5\"\r\n}",
							"options": {
								"raw": {
									"language": "json"
								}
							}
						},
						"url": {
							"raw": "{{baseUrl}}/product.php",
							"host": [
								"{{baseUrl}}"
							],
							"path": [
								"product.php"
							]
						}
					},
					"response": []
				},
				{
					"name": "Delete A Product",
					"request": {
						"method": "DELETE",
						"header": [],
						"url": {
							"raw": "{{baseUrl}}/product.php?id=3",
							"host": [
								"{{baseUrl}}"
							],
							"path": [
								"product.php"
							],
							"query": [
								{
									"key": "id",
									"value": "3"
								}
							]
						}
					},
					"response": []
				}
			],
			"event": [
				{
					"listen": "prerequest",
					"script": {
						"type": "text/javascript",
						"exec": [
							""
						]
					}
				},
				{
					"listen": "test",
					"script": {
						"type": "text/javascript",
						"exec": [
							"pm.variables.get(\"variable_key\");"
						]
					}
				}
			]
		},
		{
			"name": "Cart",
			"item": [
				{
					"name": "Get the Cart Products of the User",
					"protocolProfileBehavior": {
						"disableBodyPruning": true
					},
					"request": {
						"method": "GET",
						"header": [],
						"body": {
							"mode": "raw",
							"raw": "{\r\n    \"userid\" : \"13\",\r\n    \"quantity\" : \"3\",\r\n    \"productid1\" : \r\n}",
							"options": {
								"raw": {
									"language": "json"
								}
							}
						},
						"url": {
							"raw": "{{baseUrl}}/cart.php",
							"host": [
								"{{baseUrl}}"
							],
							"path": [
								"cart.php"
							]
						}
					},
					"response": []
				},
				{
					"name": "Add multiple products to Cart of the User",
					"request": {
						"method": "POST",
						"header": [],
						"body": {
							"mode": "raw",
							"raw": "{\r\n    \"userid\" : \"13\",\r\n    \"quantity\" : \"2\",\r\n    \"product1\" : \"1\",\r\n    \"product2\" : \"2\"\r\n}",
							"options": {
								"raw": {
									"language": "json"
								}
							}
						},
						"url": {
							"raw": "{{baseUrl}}/cart.php",
							"host": [
								"{{baseUrl}}"
							],
							"path": [
								"cart.php"
							]
						}
					},
					"response": []
				},
				{
					"name": "Update the Quantity and Cart Products of the User",
					"request": {
						"method": "PUT",
						"header": [],
						"body": {
							"mode": "raw",
							"raw": "{\r\n    \"userid\" : \"13\",\r\n    \"cartid\" : \"1\",\r\n    \"quantity\" : \"2\",\r\n    \"product1\" : \"4\",\r\n    \"product2\" : \"5\"\r\n}",
							"options": {
								"raw": {
									"language": "json"
								}
							}
						},
						"url": {
							"raw": "{{baseUrl}}/cart.php",
							"host": [
								"{{baseUrl}}"
							],
							"path": [
								"cart.php"
							]
						}
					},
					"response": []
				},
				{
					"name": "Delete a Product by Id from Cart",
					"request": {
						"method": "DELETE",
						"header": [],
						"url": {
							"raw": "{{baseUrl}}/cart.php?userid=13&cartid=1&productid=5",
							"host": [
								"{{baseUrl}}"
							],
							"path": [
								"cart.php"
							],
							"query": [
								{
									"key": "userid",
									"value": "13"
								},
								{
									"key": "cartid",
									"value": "1"
								},
								{
									"key": "productid",
									"value": "5"
								}
							]
						}
					},
					"response": []
				}
			]
		},
		{
			"name": "Comment",
			"item": [
				{
					"name": "Get the comments of perticular product",
					"request": {
						"method": "GET",
						"header": [
							{
								"key": "id",
								"value": "1",
								"type": "text"
							}
						],
						"url": {
							"raw": "{{baseUrl}}/comment.php?userid=13",
							"host": [
								"{{baseUrl}}"
							],
							"path": [
								"comment.php"
							],
							"query": [
								{
									"key": "userid",
									"value": "13"
								}
							]
						}
					},
					"response": []
				},
				{
					"name": "Get All the Comments",
					"request": {
						"method": "GET",
						"header": [],
						"url": {
							"raw": "{{baseUrl}}/comment.php",
							"host": [
								"{{baseUrl}}"
							],
							"path": [
								"comment.php"
							]
						}
					},
					"response": []
				},
				{
					"name": "Add comment to Product",
					"request": {
						"method": "POST",
						"header": [],
						"body": {
							"mode": "raw",
							"raw": "{\r\n  \"userid\" : \"13\",\r\n  \"productid\" : \"5\",\r\n   \"rating\" : \"5\",\r\n   \"image\" : \"goodcond.jpg\",\r\n   \"comment\" : \"very good condition\"\r\n}",
							"options": {
								"raw": {
									"language": "json"
								}
							}
						},
						"url": {
							"raw": "{{baseUrl}}/comment.php",
							"host": [
								"{{baseUrl}}"
							],
							"path": [
								"comment.php"
							]
						}
					},
					"response": []
				},
				{
					"name": "Update Comment of a Perticular Product",
					"request": {
						"method": "PUT",
						"header": [],
						"body": {
							"mode": "raw",
							"raw": "{\r\n  \"userid\" : \"13\",\r\n  \"productid\" : \"5\",\r\n   \"rating\" : \"5\",\r\n   \"image\" : \"goodcond.jpg\",\r\n   \"comment\" : \"very good conditions\"\r\n}",
							"options": {
								"raw": {
									"language": "json"
								}
							}
						},
						"url": {
							"raw": "{{baseUrl}}/comment.php",
							"host": [
								"{{baseUrl}}"
							],
							"path": [
								"comment.php"
							]
						}
					},
					"response": []
				},
				{
					"name": "Delete Product Comment",
					"request": {
						"method": "DELETE",
						"header": [],
						"url": {
							"raw": "{{baseUrl}}/comment.php?userid=13&productid=4",
							"host": [
								"{{baseUrl}}"
							],
							"path": [
								"comment.php"
							],
							"query": [
								{
									"key": "userid",
									"value": "13"
								},
								{
									"key": "productid",
									"value": "4"
								}
							]
						}
					},
					"response": []
				}
			]
		},
		{
			"name": "User",
			"item": [
				{
					"name": "Get All the Users from Database",
					"request": {
						"method": "GET",
						"header": [],
						"url": {
							"raw": "{{baseUrl}}/user.php",
							"host": [
								"{{baseUrl}}"
							],
							"path": [
								"user.php"
							]
						}
					},
					"response": []
				},
				{
					"name": "Get the User By Id",
					"request": {
						"method": "GET",
						"header": [],
						"url": {
							"raw": "{{baseUrl}}/user.php?id=13",
							"host": [
								"{{baseUrl}}"
							],
							"path": [
								"user.php"
							],
							"query": [
								{
									"key": "id",
									"value": "13"
								}
							]
						}
					},
					"response": []
				},
				{
					"name": "Add the User Account",
					"request": {
						"method": "POST",
						"header": [],
						"body": {
							"mode": "raw",
							"raw": "{\r\n    \"firstname\" : \"annie\",\r\n    \"lastname\" : \"kaur\",\r\n    \"username\" : \"kaurannie2222\",\r\n    \"email\" : \"kaurannie2222@gmail.com\",\r\n    \"shipping_address\" : \"45 Southlake\",\r\n    \"password\" : \"1234\"\r\n}",
							"options": {
								"raw": {
									"language": "json"
								}
							}
						},
						"url": {
							"raw": "{{baseUrl}}/user.php",
							"host": [
								"{{baseUrl}}"
							],
							"path": [
								"user.php"
							]
						}
					},
					"response": []
				},
				{
					"name": "Update Existing User Address or Other Information",
					"request": {
						"method": "PUT",
						"header": [],
						"body": {
							"mode": "raw",
							"raw": "{\r\n    \"firstname\" : \"annie\",\r\n    \"lastname\" : \"kaur\",\r\n    \"username\" : \"kaurannie2222\",\r\n    \"email\" : \"kaurannie2222@gmail.com\",\r\n    \"shipping_address\" : \"47 Southlake, bvd\",\r\n    \"password\" : \"1234\"\r\n}",
							"options": {
								"raw": {
									"language": "json"
								}
							}
						},
						"url": {
							"raw": "{{baseUrl}}/user.php",
							"host": [
								"{{baseUrl}}"
							],
							"path": [
								"user.php"
							]
						}
					},
					"response": []
				},
				{
					"name": "Delete User Account",
					"request": {
						"method": "DELETE",
						"header": [],
						"url": {
							"raw": "{{baseUrl}}/user.php?id=13&productid=5",
							"host": [
								"{{baseUrl}}"
							],
							"path": [
								"user.php"
							],
							"query": [
								{
									"key": "id",
									"value": "13"
								},
								{
									"key": "productid",
									"value": "5"
								}
							]
						}
					},
					"response": []
				}
			]
		},
		{
			"name": "ProductHistory",
			"item": [
				{
					"name": "Get All the purchased products of the user",
					"request": {
						"method": "GET",
						"header": [],
						"url": {
							"raw": "{{baseUrl}}/product_history.php",
							"host": [
								"{{baseUrl}}"
							],
							"path": [
								"product_history.php"
							]
						}
					},
					"response": []
				},
				{
					"name": "Get All the Products History(For All Users)",
					"request": {
						"method": "GET",
						"header": [],
						"url": {
							"raw": "{{baseUrl}}/product_history.php",
							"host": [
								"{{baseUrl}}"
							],
							"path": [
								"product_history.php"
							]
						}
					},
					"response": []
				},
				{
					"name": "Create the Product History",
					"request": {
						"method": "POST",
						"header": [],
						"body": {
							"mode": "raw",
							"raw": "{\r\n    \"productid\" : \"4\",\r\n    \"userid\" : \"13\",\r\n    \"brand\" : \"Apple\",\r\n    \"productname\" : \"HP Chromebook 14-inch (35.56 cms) Thin & Light Touchscreen Laptop (Celeron N4020/4GB/64GB eMMC + 256GB Expandable Storage/Chrome OS/1.46 kgs Light/ Mineral Silver), 14a-na0003TU\"\r\n}",
							"options": {
								"raw": {
									"language": "json"
								}
							}
						},
						"url": {
							"raw": "{{baseUrl}}/product_history.php",
							"host": [
								"{{baseUrl}}"
							],
							"path": [
								"product_history.php"
							]
						}
					},
					"response": []
				}
			]
		}
	]
}